{"mean":{"confidence_interval":{"confidence_level":0.95,"lower_bound":113022869.82,"upper_bound":115337879.73},"point_estimate":114192951.96,"standard_error":595167.0637246327},"median":{"confidence_interval":{"confidence_level":0.95,"lower_bound":112354222.0,"upper_bound":115540583.5},"point_estimate":114062961.5,"standard_error":853685.0976629762},"median_abs_dev":{"confidence_interval":{"confidence_level":0.95,"lower_bound":5711756.428796053,"upper_bound":8458289.18863535},"point_estimate":7201489.932247996,"standard_error":698072.9536934567},"slope":null,"std_dev":{"confidence_interval":{"confidence_level":0.95,"lower_bound":5305019.738873611,"upper_bound":6602850.711020969},"point_estimate":5993385.0914841,"standard_error":325665.3030047434}}