{"mean":{"confidence_interval":{"confidence_level":0.95,"lower_bound":303758095.53,"upper_bound":306784408.91},"point_estimate":305258677.01,"standard_error":779510.7466796216},"median":{"confidence_interval":{"confidence_level":0.95,"lower_bound":302854614.0,"upper_bound":306567097.0},"point_estimate":304392501.5,"standard_error":935148.3713903934},"median_abs_dev":{"confidence_interval":{"confidence_level":0.95,"lower_bound":5774675.747779012,"upper_bound":10471151.421099901},"point_estimate":8423344.307255745,"standard_error":1244143.7735662286},"slope":null,"std_dev":{"confidence_interval":{"confidence_level":0.95,"lower_bound":6783720.0685528545,"upper_bound":8725734.680305736},"point_estimate":7805120.002843863,"standard_error":492028.6412536233}}