{"mean":{"confidence_interval":{"confidence_level":0.95,"lower_bound":13028288.813375,"upper_bound":13153393.734312499},"point_estimate":13092786.9725,"standard_error":31890.68244050805},"median":{"confidence_interval":{"confidence_level":0.95,"lower_bound":12999119.5,"upper_bound":13132088.5},"point_estimate":13069639.5,"standard_error":32043.9674365538},"median_abs_dev":{"confidence_interval":{"confidence_level":0.95,"lower_bound":230482.45758874365,"upper_bound":436245.22003009915},"point_estimate":306514.57180827856,"standard_error":55501.42319915606},"slope":null,"std_dev":{"confidence_interval":{"confidence_level":0.95,"lower_bound":283501.9285628486,"upper_bound":363605.6946428089},"point_estimate":326081.5865709511,"standard_error":20410.433873999402}}