{"mean":{"confidence_interval":{"confidence_level":0.95,"lower_bound":33837305.325,"upper_bound":34226711.675},"point_estimate":34030211.62,"standard_error":99767.39339727823},"median":{"confidence_interval":{"confidence_level":0.95,"lower_bound":33732173.25,"upper_bound":34213737.75},"point_estimate":33892259.75,"standard_error":127431.94336323997},"median_abs_dev":{"confidence_interval":{"confidence_level":0.95,"lower_bound":690053.918749094,"upper_bound":1138816.1743819714},"point_estimate":884806.0273915529,"standard_error":107318.03874959315},"slope":null,"std_dev":{"confidence_interval":{"confidence_level":0.95,"lower_bound":796085.3709681551,"upper_bound":1185255.4364591464},"point_estimate":992142.4423825433,"standard_error":100549.47453734365}}